sample_id,base_image,bleed_green_to_red,true_ratio_red_green,noise_std,green_file,red_file
TRX2_179997_bleed0.02_ratio0.00,TRX2_179997,0.02,0.0,20.0,TRX2_179997_bleed0.02_ratio0.00_green.png,TRX2_179997_bleed0.02_ratio0.00_red.png
TRX2_179997_bleed0.02_ratio0.10,TRX2_179997,0.02,0.1,20.0,TRX2_179997_bleed0.02_ratio0.10_green.png,TRX2_179997_bleed0.02_ratio0.10_red.png
TRX2_179997_bleed0.02_ratio0.30,TRX2_179997,0.02,0.3,20.0,TRX2_179997_bleed0.02_ratio0.30_green.png,TRX2_179997_bleed0.02_ratio0.30_red.png
TRX2_179997_bleed0.02_ratio0.60,TRX2_179997,0.02,0.6,20.0,TRX2_179997_bleed0.02_ratio0.60_green.png,TRX2_179997_bleed0.02_ratio0.60_red.png
TRX2_179997_bleed0.02_ratio1.00,TRX2_179997,0.02,1.0,20.0,TRX2_179997_bleed0.02_ratio1.00_green.png,TRX2_179997_bleed0.02_ratio1.00_red.png
TRX2_179997_bleed0.05_ratio0.00,TRX2_179997,0.05,0.0,20.0,TRX2_179997_bleed0.05_ratio0.00_green.png,TRX2_179997_bleed0.05_ratio0.00_red.png
TRX2_179997_bleed0.05_ratio0.10,TRX2_179997,0.05,0.1,20.0,TRX2_179997_bleed0.05_ratio0.10_green.png,TRX2_179997_bleed0.05_ratio0.10_red.png
TRX2_179997_bleed0.05_ratio0.30,TRX2_179997,0.05,0.3,20.0,TRX2_179997_bleed0.05_ratio0.30_green.png,TRX2_179997_bleed0.05_ratio0.30_red.png
TRX2_179997_bleed0.05_ratio0.60,TRX2_179997,0.05,0.6,20.0,TRX2_179997_bleed0.05_ratio0.60_green.png,TRX2_179997_bleed0.05_ratio0.60_red.png
TRX2_179997_bleed0.05_ratio1.00,TRX2_179997,0.05,1.0,20.0,TRX2_179997_bleed0.05_ratio1.00_green.png,TRX2_179997_bleed0.05_ratio1.00_red.png
TRX2_179997_bleed0.08_ratio0.00,TRX2_179997,0.08,0.0,20.0,TRX2_179997_bleed0.08_ratio0.00_green.png,TRX2_179997_bleed0.08_ratio0.00_red.png
TRX2_179997_bleed0.08_ratio0.10,TRX2_179997,0.08,0.1,20.0,TRX2_179997_bleed0.08_ratio0.10_green.png,TRX2_179997_bleed0.08_ratio0.10_red.png
TRX2_179997_bleed0.08_ratio0.30,TRX2_179997,0.08,0.3,20.0,TRX2_179997_bleed0.08_ratio0.30_green.png,TRX2_179997_bleed0.08_ratio0.30_red.png
TRX2_179997_bleed0.08_ratio0.60,TRX2_179997,0.08,0.6,20.0,TRX2_179997_bleed0.08_ratio0.60_green.png,TRX2_179997_bleed0.08_ratio0.60_red.png
TRX2_179997_bleed0.08_ratio1.00,TRX2_179997,0.08,1.0,20.0,TRX2_179997_bleed0.08_ratio1.00_green.png,TRX2_179997_bleed0.08_ratio1.00_red.png
TRX2_179997_bleed0.12_ratio0.00,TRX2_179997,0.12,0.0,20.0,TRX2_179997_bleed0.12_ratio0.00_green.png,TRX2_179997_bleed0.12_ratio0.00_red.png
TRX2_179997_bleed0.12_ratio0.10,TRX2_179997,0.12,0.1,20.0,TRX2_179997_bleed0.12_ratio0.10_green.png,TRX2_179997_bleed0.12_ratio0.10_red.png
TRX2_179997_bleed0.12_ratio0.30,TRX2_179997,0.12,0.3,20.0,TRX2_179997_bleed0.12_ratio0.30_green.png,TRX2_179997_bleed0.12_ratio0.30_red.png
TRX2_179997_bleed0.12_ratio0.60,TRX2_179997,0.12,0.6,20.0,TRX2_179997_bleed0.12_ratio0.60_green.png,TRX2_179997_bleed0.12_ratio0.60_red.png
TRX2_179997_bleed0.12_ratio1.00,TRX2_179997,0.12,1.0,20.0,TRX2_179997_bleed0.12_ratio1.00_green.png,TRX2_179997_bleed0.12_ratio1.00_red.png
TRX2_179997_bleed0.18_ratio0.00,TRX2_179997,0.18,0.0,20.0,TRX2_179997_bleed0.18_ratio0.00_green.png,TRX2_179997_bleed0.18_ratio0.00_red.png
TRX2_179997_bleed0.18_ratio0.10,TRX2_179997,0.18,0.1,20.0,TRX2_179997_bleed0.18_ratio0.10_green.png,TRX2_179997_bleed0.18_ratio0.10_red.png
TRX2_179997_bleed0.18_ratio0.30,TRX2_179997,0.18,0.3,20.0,TRX2_179997_bleed0.18_ratio0.30_green.png,TRX2_179997_bleed0.18_ratio0.30_red.png
TRX2_179997_bleed0.18_ratio0.60,TRX2_179997,0.18,0.6,20.0,TRX2_179997_bleed0.18_ratio0.60_green.png,TRX2_179997_bleed0.18_ratio0.60_red.png
TRX2_179997_bleed0.18_ratio1.00,TRX2_179997,0.18,1.0,20.0,TRX2_179997_bleed0.18_ratio1.00_green.png,TRX2_179997_bleed0.18_ratio1.00_red.png
YAP1_165478_bleed0.02_ratio0.00,YAP1_165478,0.02,0.0,20.0,YAP1_165478_bleed0.02_ratio0.00_green.png,YAP1_165478_bleed0.02_ratio0.00_red.png
YAP1_165478_bleed0.02_ratio0.10,YAP1_165478,0.02,0.1,20.0,YAP1_165478_bleed0.02_ratio0.10_green.png,YAP1_165478_bleed0.02_ratio0.10_red.png
YAP1_165478_bleed0.02_ratio0.30,YAP1_165478,0.02,0.3,20.0,YAP1_165478_bleed0.02_ratio0.30_green.png,YAP1_165478_bleed0.02_ratio0.30_red.png
YAP1_165478_bleed0.02_ratio0.60,YAP1_165478,0.02,0.6,20.0,YAP1_165478_bleed0.02_ratio0.60_green.png,YAP1_165478_bleed0.02_ratio0.60_red.png
YAP1_165478_bleed0.02_ratio1.00,YAP1_165478,0.02,1.0,20.0,YAP1_165478_bleed0.02_ratio1.00_green.png,YAP1_165478_bleed0.02_ratio1.00_red.png
YAP1_165478_bleed0.05_ratio0.00,YAP1_165478,0.05,0.0,20.0,YAP1_165478_bleed0.05_ratio0.00_green.png,YAP1_165478_bleed0.05_ratio0.00_red.png
YAP1_165478_bleed0.05_ratio0.10,YAP1_165478,0.05,0.1,20.0,YAP1_165478_bleed0.05_ratio0.10_green.png,YAP1_165478_bleed0.05_ratio0.10_red.png
YAP1_165478_bleed0.05_ratio0.30,YAP1_165478,0.05,0.3,20.0,YAP1_165478_bleed0.05_ratio0.30_green.png,YAP1_165478_bleed0.05_ratio0.30_red.png
YAP1_165478_bleed0.05_ratio0.60,YAP1_165478,0.05,0.6,20.0,YAP1_165478_bleed0.05_ratio0.60_green.png,YAP1_165478_bleed0.05_ratio0.60_red.png
YAP1_165478_bleed0.05_ratio1.00,YAP1_165478,0.05,1.0,20.0,YAP1_165478_bleed0.05_ratio1.00_green.png,YAP1_165478_bleed0.05_ratio1.00_red.png
YAP1_165478_bleed0.08_ratio0.00,YAP1_165478,0.08,0.0,20.0,YAP1_165478_bleed0.08_ratio0.00_green.png,YAP1_165478_bleed0.08_ratio0.00_red.png
YAP1_165478_bleed0.08_ratio0.10,YAP1_165478,0.08,0.1,20.0,YAP1_165478_bleed0.08_ratio0.10_green.png,YAP1_165478_bleed0.08_ratio0.10_red.png
YAP1_165478_bleed0.08_ratio0.30,YAP1_165478,0.08,0.3,20.0,YAP1_165478_bleed0.08_ratio0.30_green.png,YAP1_165478_bleed0.08_ratio0.30_red.png
YAP1_165478_bleed0.08_ratio0.60,YAP1_165478,0.08,0.6,20.0,YAP1_165478_bleed0.08_ratio0.60_green.png,YAP1_165478_bleed0.08_ratio0.60_red.png
YAP1_165478_bleed0.08_ratio1.00,YAP1_165478,0.08,1.0,20.0,YAP1_165478_bleed0.08_ratio1.00_green.png,YAP1_165478_bleed0.08_ratio1.00_red.png
YAP1_165478_bleed0.12_ratio0.00,YAP1_165478,0.12,0.0,20.0,YAP1_165478_bleed0.12_ratio0.00_green.png,YAP1_165478_bleed0.12_ratio0.00_red.png
YAP1_165478_bleed0.12_ratio0.10,YAP1_165478,0.12,0.1,20.0,YAP1_165478_bleed0.12_ratio0.10_green.png,YAP1_165478_bleed0.12_ratio0.10_red.png
YAP1_165478_bleed0.12_ratio0.30,YAP1_165478,0.12,0.3,20.0,YAP1_165478_bleed0.12_ratio0.30_green.png,YAP1_165478_bleed0.12_ratio0.30_red.png
YAP1_165478_bleed0.12_ratio0.60,YAP1_165478,0.12,0.6,20.0,YAP1_165478_bleed0.12_ratio0.60_green.png,YAP1_165478_bleed0.12_ratio0.60_red.png
YAP1_165478_bleed0.12_ratio1.00,YAP1_165478,0.12,1.0,20.0,YAP1_165478_bleed0.12_ratio1.00_green.png,YAP1_165478_bleed0.12_ratio1.00_red.png
YAP1_165478_bleed0.18_ratio0.00,YAP1_165478,0.18,0.0,20.0,YAP1_165478_bleed0.18_ratio0.00_green.png,YAP1_165478_bleed0.18_ratio0.00_red.png
YAP1_165478_bleed0.18_ratio0.10,YAP1_165478,0.18,0.1,20.0,YAP1_165478_bleed0.18_ratio0.10_green.png,YAP1_165478_bleed0.18_ratio0.10_red.png
YAP1_165478_bleed0.18_ratio0.30,YAP1_165478,0.18,0.3,20.0,YAP1_165478_bleed0.18_ratio0.30_green.png,YAP1_165478_bleed0.18_ratio0.30_red.png
YAP1_165478_bleed0.18_ratio0.60,YAP1_165478,0.18,0.6,20.0,YAP1_165478_bleed0.18_ratio0.60_green.png,YAP1_165478_bleed0.18_ratio0.60_red.png
YAP1_165478_bleed0.18_ratio1.00,YAP1_165478,0.18,1.0,20.0,YAP1_165478_bleed0.18_ratio1.00_green.png,YAP1_165478_bleed0.18_ratio1.00_red.png
HAC1_182391_bleed0.02_ratio0.00,HAC1_182391,0.02,0.0,20.0,HAC1_182391_bleed0.02_ratio0.00_green.png,HAC1_182391_bleed0.02_ratio0.00_red.png
HAC1_182391_bleed0.02_ratio0.10,HAC1_182391,0.02,0.1,20.0,HAC1_182391_bleed0.02_ratio0.10_green.png,HAC1_182391_bleed0.02_ratio0.10_red.png
HAC1_182391_bleed0.02_ratio0.30,HAC1_182391,0.02,0.3,20.0,HAC1_182391_bleed0.02_ratio0.30_green.png,HAC1_182391_bleed0.02_ratio0.30_red.png
HAC1_182391_bleed0.02_ratio0.60,HAC1_182391,0.02,0.6,20.0,HAC1_182391_bleed0.02_ratio0.60_green.png,HAC1_182391_bleed0.02_ratio0.60_red.png
HAC1_182391_bleed0.02_ratio1.00,HAC1_182391,0.02,1.0,20.0,HAC1_182391_bleed0.02_ratio1.00_green.png,HAC1_182391_bleed0.02_ratio1.00_red.png
HAC1_182391_bleed0.05_ratio0.00,HAC1_182391,0.05,0.0,20.0,HAC1_182391_bleed0.05_ratio0.00_green.png,HAC1_182391_bleed0.05_ratio0.00_red.png
HAC1_182391_bleed0.05_ratio0.10,HAC1_182391,0.05,0.1,20.0,HAC1_182391_bleed0.05_ratio0.10_green.png,HAC1_182391_bleed0.05_ratio0.10_red.png
HAC1_182391_bleed0.05_ratio0.30,HAC1_182391,0.05,0.3,20.0,HAC1_182391_bleed0.05_ratio0.30_green.png,HAC1_182391_bleed0.05_ratio0.30_red.png
HAC1_182391_bleed0.05_ratio0.60,HAC1_182391,0.05,0.6,20.0,HAC1_182391_bleed0.05_ratio0.60_green.png,HAC1_182391_bleed0.05_ratio0.60_red.png
HAC1_182391_bleed0.05_ratio1.00,HAC1_182391,0.05,1.0,20.0,HAC1_182391_bleed0.05_ratio1.00_green.png,HAC1_182391_bleed0.05_ratio1.00_red.png
HAC1_182391_bleed0.08_ratio0.00,HAC1_182391,0.08,0.0,20.0,HAC1_182391_bleed0.08_ratio0.00_green.png,HAC1_182391_bleed0.08_ratio0.00_red.png
HAC1_182391_bleed0.08_ratio0.10,HAC1_182391,0.08,0.1,20.0,HAC1_182391_bleed0.08_ratio0.10_green.png,HAC1_182391_bleed0.08_ratio0.10_red.png
HAC1_182391_bleed0.08_ratio0.30,HAC1_182391,0.08,0.3,20.0,HAC1_182391_bleed0.08_ratio0.30_green.png,HAC1_182391_bleed0.08_ratio0.30_red.png
HAC1_182391_bleed0.08_ratio0.60,HAC1_182391,0.08,0.6,20.0,HAC1_182391_bleed0.08_ratio0.60_green.png,HAC1_182391_bleed0.08_ratio0.60_red.png
HAC1_182391_bleed0.08_ratio1.00,HAC1_182391,0.08,1.0,20.0,HAC1_182391_bleed0.08_ratio1.00_green.png,HAC1_182391_bleed0.08_ratio1.00_red.png
HAC1_182391_bleed0.12_ratio0.00,HAC1_182391,0.12,0.0,20.0,HAC1_182391_bleed0.12_ratio0.00_green.png,HAC1_182391_bleed0.12_ratio0.00_red.png
HAC1_182391_bleed0.12_ratio0.10,HAC1_182391,0.12,0.1,20.0,HAC1_182391_bleed0.12_ratio0.10_green.png,HAC1_182391_bleed0.12_ratio0.10_red.png
HAC1_182391_bleed0.12_ratio0.30,HAC1_182391,0.12,0.3,20.0,HAC1_182391_bleed0.12_ratio0.30_green.png,HAC1_182391_bleed0.12_ratio0.30_red.png
HAC1_182391_bleed0.12_ratio0.60,HAC1_182391,0.12,0.6,20.0,HAC1_182391_bleed0.12_ratio0.60_green.png,HAC1_182391_bleed0.12_ratio0.60_red.png
HAC1_182391_bleed0.12_ratio1.00,HAC1_182391,0.12,1.0,20.0,HAC1_182391_bleed0.12_ratio1.00_green.png,HAC1_182391_bleed0.12_ratio1.00_red.png
HAC1_182391_bleed0.18_ratio0.00,HAC1_182391,0.18,0.0,20.0,HAC1_182391_bleed0.18_ratio0.00_green.png,HAC1_182391_bleed0.18_ratio0.00_red.png
HAC1_182391_bleed0.18_ratio0.10,HAC1_182391,0.18,0.1,20.0,HAC1_182391_bleed0.18_ratio0.10_green.png,HAC1_182391_bleed0.18_ratio0.10_red.png
HAC1_182391_bleed0.18_ratio0.30,HAC1_182391,0.18,0.3,20.0,HAC1_182391_bleed0.18_ratio0.30_green.png,HAC1_182391_bleed0.18_ratio0.30_red.png
HAC1_182391_bleed0.18_ratio0.60,HAC1_182391,0.18,0.6,20.0,HAC1_182391_bleed0.18_ratio0.60_green.png,HAC1_182391_bleed0.18_ratio0.60_red.png
HAC1_182391_bleed0.18_ratio1.00,HAC1_182391,0.18,1.0,20.0,HAC1_182391_bleed0.18_ratio1.00_green.png,HAC1_182391_bleed0.18_ratio1.00_red.png
